,BOROUGH,BOROUGH,BOROUGH
,Manhattan,NYC,Percent
Month,,,
April,3540,14042,0.19311548742567236
Aug,2844,12235,0.14452688281329404
Dec,2634,11964,0.13708754033517226
Feb,3195,12173,0.19987488270253362
Jan,3178,13954,0.17557041047455943
July,3055,12974,0.15377258770825994
June,2956,12496,0.15211238614727526
March,3479,13976,0.18834930431487196
May,3432,14182,0.17115499700777978
Nov,2838,12004,0.14693243593062386
Oct,2831,12225,0.14395403234007934
Sept,2744,12081,0.14077570285245228
